ID_Ra;Name;Category;Total kg CO2-eq/kg;Total  CO2-eq/item;item weight g;Agriculture;iLUC;Food processing;Packaging;Transport;Retail;;;;;;;;;;;
Ra00209;Almondmilk;Milk/eggs/substitute products;0,53;0,53;1000;0,33;0,04;0,02;0,08;0,05;0,01;;;;;;;;;;;
Ra00023;American inspired cookie;Bread/bakery products;2,82;0,56;200;0,73;0,06;1,18;0,67;0,18;0,01;;;;;;;;;;;
Ra00513;Anchovy fillets;Seafood ;;0,00;50;;;;;;;;;;;;;;;;;
Ra00235;Apple;Fruit/vegetable products;0,61;0,61;1000;0,34;0,02;0,00;0,14;0,10;0,01;;;;;;;;;;;
Ra00184;Apple juice;Beverages;1,68;1,68;1000;0,54;0,04;0,60;0,31;0,18;0,01;;;;;;;;;;;
Ra00313;Apricot dried;Fruit/vegetable products;2,73;0,55;200;1,86;0,09;0,41;0,04;0,32;0,01;;;;;;;;;;;
Ra00314;Apricot raw;Fruits;0,87;0,44;500;0,53;0,05;0,00;0,14;0,15;0,01;;;;;;;;;;;
Ra00308;Aquavit;Beverages;3,57;2,50;700;2,95;0,09;-0,11;0,37;0,27;0,01;;;;;;;;;;;
Ra00162;Artichoke;Vegetables;0,98;0,27;280;0,68;0,04;0,00;0,06;0,19;0,01;;;;;;;;;;;
Ra00418;Arugula salad;Prepared/preserved foods;0,57;0,07;125;0,25;0,03;0,00;0,26;0,03;0,00;;;;;;;;;;;
Ra00163;Asparagus;Vegetables;1,08;0,54;500;0,82;0,08;0,00;0,06;0,11;0,01;;;;;;;;;;;
Ra00416;Asparagus slices;Fruit/vegetable products;1,79;0,59;330;1,03;0,09;0,28;0,22;0,16;0,01;;;;;;;;;;;
Ra00004;Aubergine;Vegetables;0,99;0,34;350;0,51;0,03;0,00;0,14;0,30;0,01;;;;;;;;;;;
Ra00503;Average beef;Meat/poultry;74,84;37,42;500;60,82;15,81;-2,97;0,14;1,05;0,00;;;;;;;;;;;
Ra00502;Average chicken;Meat/poultry;3,27;1,64;500;2,71;0,18;-0,01;0,14;0,25;0,00;;;;;;;;;;;
Ra00501;Average pork;Meat/poultry;4,69;2,35;500;4,35;0,25;-0,23;0,14;0,19;0,00;;;;;;;;;;;
Ra00317;Avocado;Fruits;1,22;0,73;600;0,77;0,05;0,00;0,14;0,25;0,01;;;;;;;;;;;
Ra00438;Baby corn;Fruit/vegetable products;0,69;0,29;425;0,16;0,03;0,14;0,31;0,03;0,01;;;;;;;;;;;
Ra00044;Bacon;Meat/poultry;6,43;1,29;200;6,01;0,34;-0,32;0,14;0,25;0,00;;;;;;;;;;;
Ra00530;Baguette;Bread/bakery products ;;0,00;250;;;;;;;;;;;;;;;;;
Ra00365;Bamboo shoots;Fruit/vegetable products;1,37;0,55;400;0,57;0,05;0,24;0,22;0,28;0,01;;;;;;;;;;;
Ra00327;Banana;Fruits;0,85;1,02;1200;0,43;0,03;0,00;0,14;0,25;0,01;;;;;;;;;;;
Ra00131;Barley groats;Cereal/grain/pulse products;1,78;0,89;500;1,37;0,12;-0,02;0,20;0,10;0,01;;;;;;;;;;;
Ra00486;Basil;Vegetables;0,38;0,01;30;0,25;0,03;0,00;0,06;0,03;0,01;;;;;;;;;;;
Ra00177;Bean sprouts;Fruit/vegetable products;0,95;0,19;200;0,45;0,04;0,00;0,14;0,32;0,01;;;;;;;;;;;
Ra00176;Beans;Vegetables;0,95;0,71;750;0,45;0,04;0,00;0,14;0,32;0,01;;;;;;;;;;;
Ra00011;Beef fillet;Meat/poultry;227,85;56,96;250;185,44;48,19;-9,07;0,14;3,16;0,00;;;;;;;;;;;
Ra00012;Beef mince;Meat/poultry;48,04;24,02;500;39,71;10,37;-2,82;0,14;0,64;0,00;;;;;;;;;;;
Ra00259;Beet;Vegetables;0,33;0,17;500;0,19;0,02;0,00;0,06;0,06;0,01;;;;;;;;;;;
Ra00020;Biscuit;Bread/bakery products;2,93;0,59;200;0,84;0,07;1,16;0,67;0,18;0,01;;;;;;;;;;;
Ra00439;Black beans;Fruit/vegetable products;1,17;0,47;400;0,35;0,05;0,46;0,22;0,07;0,01;;;;;;;;;;;
Ra00286;Blackberry;Fruits;1,38;0,17;125;1,05;0,10;0,00;0,14;0,07;0,01;;;;;;;;;;;
Ra00038;Blended spread;Milk/eggs/substitute products;3,21;1,28;400;0,05;-0,14;2,93;0,24;0,13;0,00;;;;;;;;;;;
Ra00494;Blue cheese;Milk/eggs/substitute products;1,60;0,24;150;2,67;-1,33;-0,35;0,35;0,26;0,00;;;;;;;;;;;
Ra00285;Blueberries;Fruits;1,22;0,31;250;0,82;0,07;0,00;0,14;0,18;0,01;;;;;;;;;;;
Ra00517;Bottled still water;Beverages ;0,49;0,24;500;0,00;0,01;0,00;0,12;0,35;0,01;;;;;;;;;;;
Ra00215;Bouillon  beef;Seasonings/preservatives/extracts;0,55;0,07;120;0,17;0,06;0,15;0,13;0,03;0,01;;;;;;;;;;;
Ra00213;Bouillon  chicken;Seasonings/preservatives/extracts;0,35;0,04;120;0,01;0,02;0,15;0,13;0,03;0,01;;;;;;;;;;;
Ra00220;Bouillon cube;Seasonings/preservatives/extracts;9,94;1,19;120;6,84;1,82;0,63;0,41;0,24;0,01;;;;;;;;;;;
Ra00306;Brandy;Beverages;5,76;4,03;700;2,13;0,15;2,78;0,37;0,33;0,01;;;;;;;;;;;
Ra00029;Bread;Bread/bakery products;1,16;0,81;700;0,87;0,06;0,11;0,04;0,07;0,01;;;;;;;;;;;
Ra00026;Bread-crumbs;Bread/bakery products;1,84;0,37;200;1,32;0,09;0,28;0,04;0,09;0,01;;;;;;;;;;;
Ra00113;Bream;Seafood;8,03;4,82;600;4,57;0,60;2,51;0,14;0,21;0,00;;;;;;;;;;;
Ra00296;Brie;Milk/eggs/substitute products;1,60;0,32;200;2,67;-1,33;-0,35;0,35;0,26;0,00;;;;;;;;;;;
Ra00155;Broccoli  raw;Vegetables;0,63;0,32;500;0,42;0,04;0,00;0,06;0,11;0,01;;;;;;;;;;;
Ra00158;Brussels sprouts;Vegetables;0,29;0,14;500;0,16;0,02;0,00;0,06;0,03;0,01;;;;;;;;;;;
Ra00298;Bulgur;Cereal/grain/pulse products;1,87;0,94;500;1,32;0,10;0,16;0,20;0,09;0,01;;;;;;;;;;;
Ra00493;Burger buns;Bread/bakery products;1,16;0,35;300;0,87;0,06;0,11;0,04;0,07;0,01;;;;;;;;;;;
Ra00037;Butter;Milk/eggs/substitute products;3,30;0,82;250;0,12;-0,22;3,11;0,24;0,05;0,00;;;;;;;;;;;
Ra00022;Butter cookie;Bread/bakery products;3,23;0,65;200;1,00;0,05;1,34;0,67;0,17;0,01;;;;;;;;;;;
Ra00157;Cabbage;Vegetables;0,29;0,34;1200;0,16;0,02;0,00;0,06;0,03;0,01;;;;;;;;;;;
Ra00520;Camembert;Milk/eggs/substitute products ;;0,00;250;;;;;;;;;;;;;;;;;
Ra00437;Capers;Fruit/vegetable products;1,05;0,11;100;0,23;0,03;0,20;0,22;0,35;0,01;;;;;;;;;;;
Ra00257;Carrot;Vegetables;0,27;0,27;1000;0,15;0,02;0,00;0,06;0,04;0,01;;;;;;;;;;;
Ra00144;Cashew nuts;Fruit/vegetable products;12,47;2,49;200;11,24;1,68;-1,60;0,26;0,88;0,01;;;;;;;;;;;
Ra00268;Cassava;Vegetables;0,70;0,70;1000;0,38;0,04;0,00;0,06;0,21;0,01;;;;;;;;;;;
Ra00523;Cassoulet;Prepared/preserved foods;;0,00;840;;;;;;;;;;;;;;;;;
Ra00154;Cauliflower;Vegetables;0,63;0,50;800;0,42;0,04;0,00;0,06;0,11;0,01;;;;;;;;;;;
Ra00088;Caviar;Seafood;4,16;0,21;50;0,00;0,18;2,49;1,47;0,02;0,01;;;;;;;;;;;
Ra00260;Celeriac;Vegetables;0,38;0,31;800;0,25;0,03;0,00;0,06;0,03;0,01;;;;;;;;;;;
Ra00153;Celery;Vegetables;0,38;0,19;500;0,25;0,03;0,00;0,06;0,03;0,01;;;;;;;;;;;
Ra00378;Champagne;Beverages;1,65;1,24;750;0,66;0,08;0,45;0,41;0,04;0,01;;;;;;;;;;;
Ra00078;Cheese;Milk/eggs/substitute products;5,41;2,71;500;4,46;-2,34;2,52;0,35;0,42;0,00;;;;;;;;;;;
Ra00310;Cherry;Fruits;1,20;0,60;500;0,82;0,07;0,00;0,14;0,17;0,01;;;;;;;;;;;
Ra00311;Chestnut;Fruit/vegetable products;2,31;0,46;200;1,73;0,11;0,00;0,14;0,33;0,01;;;;;;;;;;;
Ra00322;Chewing gum;Candy/sugar products;5,94;0,18;30;0,00;0,27;4,35;1,29;0,02;0,01;;;;;;;;;;;
Ra00052;Chicken breat ;Meat/poultry;4,78;2,39;500;3,95;0,26;0,21;0,02;0,35;0,00;;;;;;;;;;;
Ra00053;Chicken leg;Meat/poultry;1,98;1,58;800;1,58;0,11;-0,01;0,14;0,16;0,00;;;;;;;;;;;
Ra00223;Chicken nuggets;Prepared/preserved foods;4,34;3,26;750;2,90;0,19;0,71;0,26;0,25;0,02;;;;;;;;;;;
Ra00423;Chicken whole;Meat/poultry;3,27;4,91;1500;2,71;0,18;-0,01;0,14;0,25;0,00;;;;;;;;;;;
Ra00413;Chickpeas;Fruit/vegetable products;1,15;0,46;400;0,61;0,09;0,14;0,22;0,08;0,01;;;;;;;;;;;
Ra00454;Chili con carne;Prepared/preserved foods;30,41;12,17;400;23,70;6,13;-1,07;1,18;0,47;0,00;;;;;;;;;;;
Ra00484;Chili Sauce;Seasonings/preservatives/extracts;2,10;0,53;250;0,81;0,06;0,36;0,64;0,23;0,01;;;;;;;;;;;
Ra00452;Chilli cheese tops;Prepared/preserved foods;1,43;1,07;750;1,56;-0,51;-0,03;0,24;0,16;0,02;;;;;;;;;;;
Ra00137;Chives;Vegetables;0,43;0,01;20;0,30;0,03;0,00;0,06;0,03;0,01;;;;;;;;;;;
Ra00424;Chorizo;Meat/poultry;5,96;1,49;250;4,16;0,17;1,12;0,02;0,49;0,00;;;;;;;;;;;
Ra00506;Churros;Prepared/preserved foods;;0,00;500;;;;;;;;;;;;;;;;;
Ra00426;Cider 4.5%;Beverages;1,15;0,38;330;0,38;0,03;0,39;0,20;0,14;0,01;;;;;;;;;;;
Ra00380;Cocktail sausages;Meat/poultry;2,16;0,54;250;1,82;0,11;0,12;0,02;0,09;0,00;;;;;;;;;;;
Ra00061;Cocoa;Beverages;17,30;4,32;250;14,89;2,59;-5,14;4,31;0,65;0,01;;;;;;;;;;;
Ra00404;Coconut milk;Fruit/vegetable products;6,33;2,53;400;5,05;0,50;0,24;0,22;0,31;0,01;;;;;;;;;;;
Ra00194;Cod;Seafood;2,81;1,12;400;0,44;0,15;2,04;0,14;0,03;0,00;;;;;;;;;;;
Ra00059;Coffee;Beverages;17,28;4,32;250;9,92;1,13;2,43;3,20;0,61;0,01;;;;;;;;;;;
Ra00060;Coffee bean;Beverages;6,90;1,73;250;5,50;0,61;0,21;0,24;0,35;0,01;;;;;;;;;;;
Ra00488;Cold buttermilk soup;Milk/eggs/substitute products;0,87;0,87;1000;0,63;-0,20;0,18;0,13;0,11;0,01;;;;;;;;;;;
Ra00498;Cold chocolate;Candy/sugar products;4,99;1,00;200;2,35;-0,51;2,42;0,37;0,35;0,01;;;;;;;;;;;
Ra00043;Cookie;Bread/bakery products;3,67;0,73;200;2,00;0,26;0,74;0,47;0,20;0,01;;;;;;;;;;;
Ra00417;Corn cob;Vegetables;0,98;0,49;500;0,73;0,06;0,00;0,14;0,05;0,01;;;;;;;;;;;
Ra00033;Corn flakes;Cereal/grain/pulse products;2,39;0,90;375;1,22;0,14;0,31;0,58;0,13;0,01;;;;;;;;;;;
Ra00107;Corn flour;Cereal/grain/pulse products;1,61;0,80;500;1,23;0,10;-0,02;0,20;0,10;0,01;;;;;;;;;;;
Ra00442;Cornichons;Fruit/vegetable products;3,07;2,06;670;1,15;0,08;0,92;0,64;0,29;0,01;;;;;;;;;;;
Ra00297;Cottage cheese;Milk/eggs/substitute products;1,60;0,80;500;2,67;-1,33;-0,35;0,35;0,26;0,00;;;;;;;;;;;
Ra00277;Crab;Seafood;4,42;3,54;800;0,49;0,19;3,17;0,08;0,49;0,00;;;;;;;;;;;
Ra00096;Crab claws;Seafood;9,77;3,91;400;1,22;0,47;7,97;0,08;0,03;0,00;;;;;;;;;;;
Ra00292;Cranberry;Fruits;0,79;0,20;250;0,42;0,03;0,00;0,14;0,19;0,01;;;;;;;;;;;
Ra00274;Crayfish;Seafood;2,54;0,76;300;1,12;0,20;0,52;0,26;0,44;0,00;;;;;;;;;;;
Ra00076;Cream;Milk/eggs/substitute products;1,57;0,78;500;0,36;-0,23;1,13;0,26;0,06;0,00;;;;;;;;;;;
Ra00295;Cream cheese;Milk/eggs/substitute products;5,41;1,08;200;4,46;-2,34;2,52;0,35;0,42;0,00;;;;;;;;;;;
Ra00042;Cream pastry;Bread/bakery products;2,32;0,23;100;0,79;0,06;0,87;0,41;0,18;0,00;;;;;;;;;;;
Ra00522;Crème Brûlée;Prepared/preserved foods;;0,00;300;;;;;;;;;;;;;;;;;
Ra00138;Cress;Vegetables;0,45;0,01;30;0,25;0,03;0,00;0,14;0,03;0,01;;;;;;;;;;;
Ra00027;Crispbread;Bread/bakery products;1,62;0,41;250;1,07;0,10;0,31;0,04;0,09;0,01;;;;;;;;;;;
Ra00519;Croissants;Bread/bakery products ;;0,00;240;;;;;;;;;;;;;;;;;
Ra00436;Croque monsieur;Prepared/preserved foods;1,60;0,32;200;1,61;-0,37;-0,04;0,26;0,14;0,00;;;;;;;;;;;
Ra00007;Cucumber;Vegetables;0,40;0,14;350;0,15;0,01;0,00;0,14;0,08;0,01;;;;;;;;;;;
Ra00407;Cup noodles chicken;Prepared/preserved foods;1,89;0,16;85;1,13;0,09;0,30;0,26;0,10;0,01;;;;;;;;;;;
Ra00284;Currant;Fruits;0,80;0,10;125;0,55;0,06;0,00;0,14;0,04;0,01;;;;;;;;;;;
Ra00074;Curry mayonnaise salad;Seasonings/preservatives/extracts;3,13;0,63;200;0,20;0,01;1,91;0,64;0,37;0,01;;;;;;;;;;;
Ra00304;Curry powder;Seasonings/preservatives/extracts;6,09;0,30;50;2,76;0,27;0,00;2,71;0,34;0,01;;;;;;;;;;;
Ra00040;Danish pastry;Bread/bakery products;1,90;0,19;100;0,80;-0,04;0,99;0,04;0,10;0,01;;;;;;;;;;;
Ra00021;Digestive biscuit;Bread/bakery products;2,82;0,70;250;0,73;0,06;1,18;0,67;0,18;0,01;;;;;;;;;;;
Ra00135;Dill;Vegetables;0,45;0,01;30;0,25;0,03;0,00;0,14;0,03;0,01;;;;;;;;;;;
Ra00535;Dropjes;Candy/sugar products ;;0,00;250;;;;;;;;;;;;;;;;;
Ra00528;Dry sausage;Meat/poultry;;0,00;250;;;;;;;;;;;;;;;;;
Ra00069;Duck;Meat/poultry;3,27;6,55;2000;2,71;0,18;0,00;0,14;0,24;0,00;;;;;;;;;;;
Ra00217;Dumplings;Prepared/preserved foods;1,33;0,66;500;0,42;0,00;0,57;0,26;0,06;0,00;;;;;;;;;;;
Ra00384;Daal;Prepared/preserved foods;2,11;0,84;400;0,94;0,13;0,27;0,64;0,13;0,00;;;;;;;;;;;
Ra00390;Egg salad;Prepared/preserved foods;1,50;0,30;200;0,51;0,04;0,58;0,24;0,12;0,00;;;;;;;;;;;
Ra00108;Eggs;Milk/eggs/substitute products;0,97;0,58;600;0,57;0,07;0,00;0,24;0,09;0,01;;;;;;;;;;;
Ra00118;Elderberry;Beverages;4,00;3,00;750;2,84;0,25;0,26;0,31;0,35;0,01;;;;;;;;;;;
Ra00288;Elderberry;Fruits;1,38;0,41;300;1,05;0,10;0,00;0,14;0,07;0,01;;;;;;;;;;;
Ra00398;Energy drink;Beverages;0,58;0,14;250;0,15;0,02;0,16;0,17;0,07;0,01;;;;;;;;;;;
Ra00427;Falafel;Fruit/vegetable products;2,11;0,42;200;0,96;0,17;0,20;0,64;0,11;0,02;;;;;;;;;;;
Ra00480;Falafel mince;Prepared/preserved foods;2,06;0,62;300;0,96;0,17;0,18;0,64;0,11;0,00;;;;;;;;;;;
Ra00262;Fennel;Vegetables;0,15;0,06;400;0,00;0,01;0,00;0,14;0,00;0,01;;;;;;;;;;;
Ra00270;Feta;Milk/eggs/substitute products;1,60;0,32;200;2,67;-1,33;-0,35;0,35;0,26;0,00;;;;;;;;;;;
Ra00082;Fish balls;Seafood;2,19;0,87;400;0,21;0,05;1,26;0,63;0,04;0,01;;;;;;;;;;;
Ra00089;Fish cake;Seafood;3,35;1,00;300;0,40;0,12;2,14;0,64;0,04;0,00;;;;;;;;;;;
Ra00100;Fish fillet;Seafood;2,71;1,08;400;0,45;0,14;1,81;0,26;0,04;0,00;;;;;;;;;;;
Ra00483;Food grain;Cereal/grain/pulse products;1,87;1,87;1000;1,32;0,10;0,16;0,20;0,09;0,01;;;;;;;;;;;
Ra00367;French fries;Fruit/vegetable products;2,85;2,85;1000;0,50;-0,01;1,95;0,26;0,14;0,00;;;;;;;;;;;
Ra00388;Fresh pasta;Prepared/preserved foods;1,53;0,61;400;0,96;0,08;0,17;0,23;0,09;0,00;;;;;;;;;;;
Ra00293;Frozen Blueberry;Fruit/vegetable products;0,99;0,30;300;0,42;0,05;0,06;0,06;0,37;0,02;;;;;;;;;;;
Ra00171;Frozen Broccoli;Fruit/vegetable products;0,82;0,62;750;0,52;0,05;0,02;0,06;0,16;0,02;;;;;;;;;;;
Ra00326;Fruit gums;Candy/sugar products;2,68;0,54;200;1,22;0,10;0,83;0,26;0,27;0,01;;;;;;;;;;;
Ra00117;Fruit juice;Beverages;2,52;2,52;1000;1,29;0,08;0,26;0,31;0,59;0,01;;;;;;;;;;;
Ra00538;Fruit syrup;Candy/sugar products ;;0,00;750;;;;;;;;;;;;;;;;;
Ra00188;Garfish;Seafood;2,63;1,31;500;0,44;0,14;1,87;0,14;0,03;0,00;;;;;;;;;;;
Ra00136;Garlic;Vegetables;1,25;0,25;200;0,87;0,05;0,00;0,06;0,26;0,01;;;;;;;;;;;
Ra00405;Garlic baguette;Prepared/preserved foods;1,44;0,25;175;0,74;0,03;0,53;0,04;0,07;0,02;;;;;;;;;;;
Ra00443;Garlic in oil;Fruit/vegetable products;2,46;0,49;200;0,72;0,04;0,76;0,64;0,30;0,01;;;;;;;;;;;
Ra00504;Gazpacho;Prepared/preserved foods;;0,00;1000;;;;;;;;;;;;;;;;;
Ra00357;Gherkin;Fruit/vegetable products;3,07;2,06;670;1,15;0,08;0,92;0,64;0,29;0,01;;;;;;;;;;;
Ra00008;Gherkin cucumber;Vegetables;0,40;0,20;500;0,15;0,01;0,00;0,14;0,08;0,01;;;;;;;;;;;
Ra00261;Ginger root;Vegetables;1,27;0,32;250;0,73;0,05;0,00;0,14;0,35;0,01;;;;;;;;;;;
Ra00495;Goat cheese;Milk/eggs/substitute products;1,60;0,32;200;2,67;-1,33;-0,35;0,35;0,26;0,00;;;;;;;;;;;
Ra00231;Goat milk;Milk/eggs/substitute products;2,80;2,80;1000;2,24;0,01;0,12;0,08;0,34;0,00;;;;;;;;;;;
Ra00070;Goose;Meat/poultry;3,27;13,09;4000;2,71;0,18;0,00;0,14;0,24;0,00;;;;;;;;;;;
Ra00290;Gooseberry;Fruits;1,00;0,25;250;0,66;0,07;0,00;0,14;0,12;0,01;;;;;;;;;;;
Ra00537;Gouda cheese;Milk/eggs/substitute products ;;0,00;500;;;;;;;;;;;;;;;;;
Ra00024;Granola bar;Bread/bakery products;4,75;0,95;200;3,09;0,36;0,33;0,67;0,30;0,01;;;;;;;;;;;
Ra00237;Grape;Fruit/vegetable products;0,88;0,44;500;0,54;0,04;0,00;0,14;0,16;0,01;;;;;;;;;;;
Ra00335;Grapefruit;Fruits;0,77;0,46;600;0,32;0,03;0,00;0,14;0,28;0,01;;;;;;;;;;;
Ra00414;Green beans;Vegetables;2,16;1,08;500;1,67;0,11;0,03;0,06;0,26;0,02;;;;;;;;;;;
Ra00469;Green curry paste;Seasonings/preservatives/extracts;2,06;0,41;200;0,60;0,05;0,40;0,78;0,23;0,01;;;;;;;;;;;
Ra00174;Green lentils;Cereal/grain/pulse products;3,08;1,54;500;2,42;0,25;0,00;0,20;0,19;0,01;;;;;;;;;;;
Ra00490;Grilled sausages;Meat/poultry;2,16;0,87;400;1,82;0,11;0,12;0,02;0,09;0,00;;;;;;;;;;;
Ra00035;Guldkorn;Cereal/grain/pulse products;2,68;1,01;375;1,22;0,13;0,55;0,58;0,20;0,01;;;;;;;;;;;
Ra00533;Hagelslag;Candy/sugar products ;;0,00;400;;;;;;;;;;;;;;;;;
Ra00440;Half peaches in juice;Fruit/vegetable products;1,65;0,68;410;0,71;0,05;0,24;0,22;0,42;0,01;;;;;;;;;;;
Ra00444;Half pears in juice;Fruit/vegetable products;1,23;0,50;410;0,45;0,04;0,24;0,22;0,27;0,01;;;;;;;;;;;
Ra00099;Halibut;Seafood;2,69;1,08;400;0,56;0,17;1,80;0,14;0,03;0,00;;;;;;;;;;;
Ra00127;Hare;Meat/poultry;3,27;4,91;1500;2,71;0,18;0,00;0,14;0,24;0,00;;;;;;;;;;;
Ra00036;Havrefras;Cereal/grain/pulse products;2,06;0,77;375;0,89;0,12;0,37;0,58;0,10;0,01;;;;;;;;;;;
Ra00140;Hazelnut;Fruit/vegetable products;6,95;1,39;200;5,36;0,89;0,00;0,26;0,44;0,01;;;;;;;;;;;
Ra00081;Herring;Seafood;5,35;2,14;400;1,05;0,20;2,42;1,56;0,13;0,00;;;;;;;;;;;
Ra00146;Honey;Prepared/preserved foods;0,81;0,28;350;0,15;0,04;0,14;0,41;0,07;0,01;;;;;;;;;;;
Ra00518;Horchata;Prepared/preserved foods;;0,00;1000;;;;;;;;;;;;;;;;;
Ra00392;Hummus;Seasonings/preservatives/extracts;2,26;0,45;200;1,60;0,21;0,03;0,24;0,18;0,00;;;;;;;;;;;
Ra00511;Iberian dry-cured ham;Meat/poultry;;0,00;100;;;;;;;;;;;;;;;;;
Ra00149;Ice;Prepared/preserved foods;1,25;2,50;2000;0,29;0,05;0,27;0,51;0,11;0,02;;;;;;;;;;;
Ra00147;Ice cream;Prepared/preserved foods;2,71;2,71;1000;1,00;-0,23;1,26;0,51;0,15;0,02;;;;;;;;;;;
Ra00397;Icetea;Beverages;0,94;0,47;500;0,46;0,04;0,08;0,13;0,21;0,01;;;;;;;;;;;
Ra00073;Italian mayonnaise salad;Seasonings/preservatives/extracts;3,13;0,63;200;0,20;0,01;1,91;0,64;0,37;0,01;;;;;;;;;;;
Ra00466;Jalapenos;Fruit/vegetable products;1,51;0,50;330;0,72;0,03;0,21;0,22;0,32;0,01;;;;;;;;;;;
Ra00156;Kale;Vegetables;0,29;0,06;200;0,16;0,02;0,00;0,06;0,03;0,01;;;;;;;;;;;
Ra00396;Kebab;Meat/poultry;53,92;26,96;500;43,61;11,31;-2,03;0,26;0,76;0,02;;;;;;;;;;;
Ra00422;Kidney beans;Fruit/vegetable products;1,17;0,47;400;0,35;0,05;0,46;0,22;0,07;0,01;;;;;;;;;;;
Ra00337;Kiwi fruit;Fruits;0,75;0,37;500;0,43;0,03;0,00;0,14;0,14;0,01;;;;;;;;;;;
Ra00063;Lamb;Meat/poultry;32,77;16,38;500;33,11;3,79;-4,55;0,02;0,41;0,00;;;;;;;;;;;
Ra00382;Lasagne;Prepared/preserved foods;12,16;4,86;400;9,29;2,24;-0,24;0,64;0,23;0,00;;;;;;;;;;;
Ra00169;Leek;Vegetables;0,43;0,26;600;0,30;0,03;0,00;0,06;0,03;0,01;;;;;;;;;;;
Ra00435;Leek pie with bacon;Prepared/preserved foods;1,42;0,57;400;0,78;-0,08;0,40;0,21;0,08;0,02;;;;;;;;;;;
Ra00328;Lemon;Fruits;0,67;0,34;500;0,33;0,03;0,00;0,14;0,17;0,01;;;;;;;;;;;
Ra00354;Lentils;Vegetables;3,00;1,50;500;2,42;0,24;0,00;0,14;0,19;0,01;;;;;;;;;;;
Ra00164;Lettuce;Vegetables;0,46;0,14;300;0,27;0,03;0,00;0,06;0,10;0,01;;;;;;;;;;;
Ra00332;Lime;Fruits;0,60;0,30;500;0,33;0,03;0,00;0,06;0,17;0,01;;;;;;;;;;;
Ra00186;Liqueur;Beverages;3,56;2,50;700;1,45;0,02;1,34;0,37;0,38;0,01;;;;;;;;;;;
Ra00325;Liquorice;Candy/sugar products;2,72;0,54;200;1,18;0,10;0,92;0,26;0,26;0,01;;;;;;;;;;;
Ra00250;Liver;Meat/poultry;2,98;1,49;500;1,37;0,08;0,79;0,64;0,08;0,02;;;;;;;;;;;
Ra00092;Lobster;Seafood;6,35;3,81;600;2,81;0,49;1,31;1,56;0,19;0,01;;;;;;;;;;;
Ra00276;Lobster;Seafood;2,54;1,53;600;1,12;0,20;0,52;0,26;0,44;0,00;;;;;;;;;;;
Ra00489;Low fat Beef;Meat/poultry;53,19;26,59;500;44,39;11,61;-3,65;0,14;0,70;0,00;;;;;;;;;;;
Ra00190;Mackerel;Seafood;1,98;0,79;400;0,44;0,11;1,26;0,14;0,03;0,00;;;;;;;;;;;
Ra00071;Mackerel mayonnaise salad;Seasonings/preservatives/extracts;2,34;0,47;200;0,26;-0,02;1,82;0,24;0,04;0,00;;;;;;;;;;;
Ra00529;Madeleine;Bread/bakery products ;;0,00;200;;;;;;;;;;;;;;;;;
Ra00477;Magarine;Oils/fats edible;2,49;1,25;500;0,00;-0,04;2,11;0,24;0,18;0,00;;;;;;;;;;;
Ra00334;Mango;Fruits;1,01;0,30;300;0,57;0,05;0,00;0,14;0,24;0,01;;;;;;;;;;;
Ra00468;Mango chutney;Seasonings/preservatives/extracts;3,12;0,94;300;1,44;0,10;0,50;0,64;0,44;0,01;;;;;;;;;;;
Ra00187;Margarine;Milk/eggs/substitute products;2,49;1,25;500;0,00;-0,04;2,11;0,24;0,18;0,00;;;;;;;;;;;
Ra00441;Marinated artichokes;Fruit/vegetable products;4,15;1,16;280;2,07;0,11;0,71;0,64;0,62;0,01;;;;;;;;;;;
Ra00445;Marinated grilled peppers;Fruit/vegetable products;2,53;0,71;280;0,47;0,03;1,05;0,64;0,34;0,01;;;;;;;;;;;
Ra00232;Marzipan;Candy/sugar products;12,08;2,42;200;9,19;0,91;0,29;0,67;1,01;0,01;;;;;;;;;;;
Ra00201;Mayonnaise;Seasonings/preservatives/extracts;1,17;0,47;400;0,12;0,01;0,35;0,64;0,05;0,01;;;;;;;;;;;
Ra00202;Mayonnaise;Seasonings/preservatives/extracts;3,13;1,25;400;0,20;0,01;1,91;0,64;0,37;0,01;;;;;;;;;;;
Ra00214;Meat balls;Prepared/preserved foods;16,13;8,06;500;12,73;3,01;-0,52;0,63;0,27;0,01;;;;;;;;;;;
Ra00331;Melon;Fruits;0,60;0,90;1500;0,31;0,02;0,00;0,00;0,26;0,01;;;;;;;;;;;
Ra00409;Microwave popcorn;Fruit/vegetable products;1,81;0,49;270;0,55;0,00;0,93;0,26;0,06;0,01;;;;;;;;;;;
Ra00341;Milk;Milk/eggs/substitute products;0,50;0,50;1000;0,48;-0,24;0,12;0,08;0,07;0,00;;;;;;;;;;;
Ra00342;Milk;Milk/eggs/substitute products;0,45;0,45;1000;0,50;-0,25;0,04;0,08;0,07;0,00;;;;;;;;;;;
Ra00320;Milk Chocolate;Candy/sugar products;4,99;0,50;100;2,35;-0,51;2,42;0,37;0,35;0,01;;;;;;;;;;;
Ra00386;Minced chicken;Meat/poultry;5,71;2,85;500;5,01;0,36;-0,09;0,14;0,28;0,00;;;;;;;;;;;
Ra00492;Minced lamb;Meat/poultry;34,73;17,37;500;34,99;3,99;-4,82;0,14;0,43;0,00;;;;;;;;;;;
Ra00245;Minced meat;Meat/poultry;19,74;9,87;500;15,38;4,03;-0,60;0,64;0,29;0,00;;;;;;;;;;;
Ra00516;Mixed salad;Fruit/vegetable products;;0,00;200;;;;;;;;;;;;;;;;;
Ra00453;Mozarella sticks;Prepared/preserved foods;1,60;1,20;750;2,67;-1,33;-0,35;0,35;0,26;0,00;;;;;;;;;;;
Ra00080;Mozzarella;Milk/eggs/substitute products;5,41;0,68;125;4,46;-2,34;2,52;0,35;0,42;0,00;;;;;;;;;;;
Ra00406;Muesli bar;Cereal/grain/pulse products;3,01;0,60;200;1,59;0,00;0,70;0,58;0,14;0,01;;;;;;;;;;;
Ra00207;Mushroom;Vegetables;0,38;0,09;250;0,06;0,01;0,00;0,26;0,04;0,00;;;;;;;;;;;
Ra00474;Mushroom burger;Prepared/preserved foods;1,34;0,27;200;0,09;0,07;0,48;0,64;0,06;0,00;;;;;;;;;;;
Ra00205;Mussel;Seafood;0,19;0,19;1000;0,00;0,00;0,08;0,08;0,02;0,00;;;;;;;;;;;
Ra00303;Mustard;Seasonings/preservatives/extracts;1,95;0,39;200;0,67;0,09;0,34;0,78;0,06;0,01;;;;;;;;;;;
Ra00034;Müsli;Cereal/grain/pulse products;2,31;1,15;500;1,35;0,15;0,15;0,58;0,07;0,01;;;;;;;;;;;
Ra00316;Nectarine;Fruits;0,71;0,71;1000;0,38;0,03;0,00;0,14;0,15;0,01;;;;;;;;;;;
Ra00470;Noodles;Prepared/preserved foods;1,74;0,43;250;1,16;0,09;0,17;0,23;0,09;0,01;;;;;;;;;;;
Ra00321;Nougat;Bread/bakery products;5,89;1,18;200;3,10;0,18;1,53;0,67;0,42;0,01;;;;;;;;;;;
Ra00121;Nut paste with cacao;Candy/sugar products;5,16;2,06;400;3,00;0,09;1,26;0,42;0,39;0,01;;;;;;;;;;;
Ra00499;Nutella;Candy/sugar products;5,16;2,06;400;3,00;0,09;1,26;0,42;0,39;0,01;;;;;;;;;;;
Ra00211;Oatmilk;Milk/eggs/substitute products;0,40;0,40;1000;0,12;0,02;0,14;0,08;0,03;0,01;;;;;;;;;;;
Ra00132;Oats;Cereal/grain/pulse products;1,94;1,94;1000;1,51;0,14;-0,02;0,20;0,10;0,01;;;;;;;;;;;
Ra00206;Octopus;Seafood;0,38;0,19;500;0,00;0,01;0,08;0,26;0,02;0,00;;;;;;;;;;;
Ra00350;Oil;Oils/fats edible;3,33;3,33;1000;0,00;0,02;2,27;0,56;0,47;0,01;;;;;;;;;;;
Ra00349;Olive oil;Oils/fats edible;5,89;2,94;500;4,33;0,64;-0,03;0,56;0,38;0,01;;;;;;;;;;;
Ra00419;Olive tapenade;Fruit/vegetable products;2,77;0,50;180;1,42;0,20;0,31;0,64;0,20;0,01;;;;;;;;;;;
Ra00139;Olives;Seasonings/preservatives/extracts;2,05;0,72;350;1,03;0,11;0,22;0,51;0,17;0,01;;;;;;;;;;;
Ra00266;Onion;Vegetables;0,27;0,27;1000;0,15;0,02;0,00;0,06;0,03;0,01;;;;;;;;;;;
Ra00330;Orange;Fruits;0,56;0,85;1500;0,31;0,03;0,00;0,06;0,16;0,01;;;;;;;;;;;
Ra00122;Orange juice;Beverages;1,49;1,49;1000;0,68;0,05;0,09;0,31;0,37;0,01;;;;;;;;;;;
Ra00204;Oyster;Seafood;0,84;0,42;500;0,00;0,01;0,45;0,08;0,31;0,00;;;;;;;;;;;
Ra00208;Oyster mushroom;Vegetables;0,38;0,08;200;0,06;0,01;0,00;0,26;0,04;0,00;;;;;;;;;;;
Ra00524;Pain au chocolat;Bread/bakery products ;;0,00;240;;;;;;;;;;;;;;;;;
Ra00412;Pancake puffs;Bread/bakery products;1,54;0,46;300;1,21;-0,14;0,07;0,26;0,14;0,01;;;;;;;;;;;
Ra00394;Pancakes;Prepared/preserved foods;2,44;0,98;400;1,14;-0,03;0,51;0,67;0,14;0,01;;;;;;;;;;;
Ra00079;Parmesan;Milk/eggs/substitute products;5,41;1,08;200;4,46;-2,34;2,52;0,35;0,42;0,00;;;;;;;;;;;
Ra00134;Parsley;Vegetables;0,45;0,01;30;0,25;0,03;0,00;0,14;0,03;0,01;;;;;;;;;;;
Ra00269;Parsley root;Vegetables;0,95;0,47;500;0,61;0,06;0,00;0,06;0,21;0,01;;;;;;;;;;;
Ra00234;Pasta;Prepared/preserved foods;2,05;1,03;500;1,18;0,09;0,18;0,23;0,36;0,01;;;;;;;;;;;
Ra00403;Pastasauce;Fruit/vegetable products;1,92;0,96;500;0,52;0,04;0,54;0,78;0,04;0,01;;;;;;;;;;;
Ra00521;Pâté;Prepared/preserved foods;5,20;1,04;200;2,49;0,12;1,09;1,18;0,33;0,00;;;;;;;;;;;
Ra00481;Pea drink;Milk/eggs/substitute products;0,71;0,71;1000;0,12;0,03;0,38;0,10;0,07;0,01;;;;;;;;;;;
Ra00315;Peach;Fruits;0,71;0,71;1000;0,38;0,03;0,00;0,14;0,15;0,01;;;;;;;;;;;
Ra00347;Peanut butter;Prepared/preserved foods;3,83;1,34;350;1,97;0,23;0,85;0,42;0,36;0,01;;;;;;;;;;;
Ra00281;Peanuts;Fruit/vegetable products;3,47;0,69;200;1,91;0,22;0,72;0,26;0,35;0,01;;;;;;;;;;;
Ra00120;Pear;Fruit/vegetable products;0,95;0,95;1000;0,39;0,04;0,20;0,22;0,09;0,01;;;;;;;;;;;
Ra00372;Peas;Fruit/vegetable products;2,36;1,77;750;1,48;0,15;0,20;0,22;0,30;0,01;;;;;;;;;;;
Ra00359;Pepper;Fruit/vegetable products;1,51;0,76;500;0,72;0,03;0,21;0,22;0,32;0,01;;;;;;;;;;;
Ra00302;Pepper;Seasonings/preservatives/extracts;5,19;0,26;50;2,00;0,21;0,00;2,71;0,25;0,01;;;;;;;;;;;
Ra00001;Pepper;Vegetables;1,07;0,54;500;0,61;0,04;0,00;0,14;0,28;0,01;;;;;;;;;;;
Ra00009;Pepper;Vegetables;1,07;0,54;500;0,61;0,04;0,00;0,14;0,28;0,01;;;;;;;;;;;
Ra00421;Pepperoni;Meat/poultry;5,70;0,85;150;4,16;0,18;1,15;0,02;0,17;0,01;;;;;;;;;;;
Ra00110;Perch;Seafood;4,08;1,63;400;2,45;0,22;1,23;0,14;0,03;0,00;;;;;;;;;;;
Ra00381;Pesto;Seasonings/preservatives/extracts;4,24;0,81;190;1,81;0,08;1,15;0,64;0,56;0,01;;;;;;;;;;;
Ra00129;Pheasant;Meat/poultry;3,27;3,93;1200;2,71;0,18;0,00;0,14;0,24;0,00;;;;;;;;;;;
Ra00112;Pike;Seafood;3,67;1,47;400;2,72;0,29;0,49;0,14;0,03;0,00;;;;;;;;;;;
Ra00111;Pikeperch;Seafood;3,67;1,47;400;2,72;0,29;0,49;0,14;0,03;0,00;;;;;;;;;;;
Ra00123;Pineapple;Fruit/vegetable products;1,13;1,02;900;0,28;0,03;0,22;0,22;0,37;0,01;;;;;;;;;;;
Ra00333;Pineapple;Fruits;0,56;0,51;900;0,30;0,02;0,00;0,00;0,24;0,01;;;;;;;;;;;
Ra00387;Pizza dough;Bread/bakery products;1,07;0,43;400;0,70;0,05;0,01;0,26;0,06;0,00;;;;;;;;;;;
Ra00251;Pizza Napolitana;Bread/bakery products;2,47;0,99;400;1,16;-0,37;1,34;0,21;0,11;0,02;;;;;;;;;;;
Ra00249;Pizza Romana;Bread/bakery products;2,70;1,08;400;1,54;-0,19;1,01;0,21;0,11;0,02;;;;;;;;;;;
Ra00253;Pizza with broccoli;Bread/bakery products;2,35;0,94;400;0,77;-0,11;1,35;0,21;0,11;0,02;;;;;;;;;;;
Ra00228;Pizza with meat;Bread/bakery products;4,56;2,05;450;2,76;0,34;1,09;0,21;0,16;0,00;;;;;;;;;;;
Ra00229;Pizza with meat and seafood;Bread/bakery products;4,10;1,84;450;2,18;0,17;1,40;0,21;0,14;0,00;;;;;;;;;;;
Ra00226;Pizza with salami;Bread/bakery products;3,04;1,28;420;1,59;-0,10;1,23;0,21;0,10;0,00;;;;;;;;;;;
Ra00225;Pizza with seafood;Bread/bakery products;3,63;1,52;420;1,59;0,00;1,71;0,21;0,11;0,00;;;;;;;;;;;
Ra00224;Pizza with tomato and cheese;Bread/bakery products;2,44;0,98;400;1,16;-0,38;1,34;0,21;0,11;0,00;;;;;;;;;;;
Ra00254;Pizza with tuna;Bread/bakery products;2,29;0,96;420;0,59;-0,14;1,51;0,21;0,09;0,02;;;;;;;;;;;
Ra00227;Pizza with vegetables;Bread/bakery products;2,32;0,93;400;0,77;-0,12;1,35;0,21;0,11;0,00;;;;;;;;;;;
Ra00402;Pizzasauce;Fruit/vegetable products;1,92;0,67;350;0,52;0,04;0,54;0,78;0,04;0,01;;;;;;;;;;;
Ra00191;Plaice;Seafood;2,81;1,12;400;0,44;0,15;2,04;0,14;0,03;0,00;;;;;;;;;;;
Ra00195;Plaice;Seafood;2,45;0,98;400;0,40;0,13;1,59;0,26;0,05;0,02;;;;;;;;;;;
Ra00039;Plain cake;Bread/bakery products;2,32;1,16;500;0,79;0,06;0,87;0,41;0,18;0,00;;;;;;;;;;;
Ra00041;Plain cake;Bread/bakery products;2,32;0,19;80;0,79;0,06;0,87;0,41;0,18;0,00;;;;;;;;;;;
Ra00451;Plant paste;Fruit/vegetable products;0,93;0,07;75;0,49;0,06;0,02;0,24;0,11;0,00;;;;;;;;;;;
Ra00309;Plum;Fruits;0,90;0,67;750;0,63;0,07;0,00;0,14;0,04;0,01;;;;;;;;;;;
Ra00280;Pop corn;Prepared/preserved foods;1,53;0,77;500;0,62;0,02;0,56;0,26;0,07;0,01;;;;;;;;;;;
Ra00051;Pork sausage;Meat/poultry;2,16;0,87;400;1,82;0,11;0,12;0,02;0,09;0,00;;;;;;;;;;;
Ra00482;Portobello mushroom;Vegetables;0,26;0,05;200;0,06;0,01;0,00;0,14;0,04;0,01;;;;;;;;;;;
Ra00363;Potato;Fruit/vegetable products;0,99;2,47;2500;0,41;0,03;0,20;0,22;0,12;0,01;;;;;;;;;;;
Ra00256;Potato;Vegetables;0,41;1,03;2500;0,26;0,02;0,00;0,06;0,06;0,01;;;;;;;;;;;
Ra00352;Potato crisps;Prepared/preserved foods;4,24;0,74;175;0,77;-0,01;3,01;0,26;0,21;0,01;;;;;;;;;;;
Ra00371;Potato flour;Fruit/vegetable products;1,68;0,84;500;1,00;0,07;0,14;0,20;0,26;0,01;;;;;;;;;;;
Ra00395;Potato gratin / cream potatoes;Fruit/vegetable products;1,07;0,86;800;0,37;-0,01;0,35;0,26;0,10;0,00;;;;;;;;;;;
Ra00428;Potato hotchpotch;Prepared/preserved foods;18,91;7,57;400;14,49;3,73;0,13;0,26;0,29;0,02;;;;;;;;;;;
Ra00429;Potato hotchpotch;Prepared/preserved foods;12,55;5,02;400;8,51;2,02;1,49;0,26;0,25;0,02;;;;;;;;;;;
Ra00425;Potato salad;Fruit/vegetable products;1,25;0,63;500;0,34;0,03;0,53;0,24;0,11;0,00;;;;;;;;;;;
Ra00358;Potatoes;Fruit/vegetable products;5,38;13,45;2500;2,37;-0,17;2,10;0,58;0,49;0,01;;;;;;;;;;;
Ra00278;Prawn;Seafood;10,04;3,01;300;3,89;0,61;5,25;0,08;0,19;0,02;;;;;;;;;;;
Ra00312;Prune;Fruit/vegetable products;2,73;0,55;200;1,86;0,09;0,41;0,04;0,32;0,01;;;;;;;;;;;
Ra00463;Pulled beef;Meat/poultry;56,34;22,54;400;45,24;11,80;-2,12;0,64;0,78;0,00;;;;;;;;;;;
Ra00462;Pulled pork;Meat/poultry;4,52;1,81;400;3,57;0,26;-0,10;0,64;0,15;0,00;;;;;;;;;;;
Ra00006;Pumpkin;Vegetables;0,84;0,84;1000;0,48;0,04;0,00;0,06;0,25;0,01;;;;;;;;;;;
Ra00145;Pumpkin seeds;Fruit/vegetable products;5,69;1,14;200;4,71;0,41;0,00;0,26;0,31;0,01;;;;;;;;;;;
Ra00301;Quinoa;Cereal/grain/pulse products;4,63;2,32;500;3,73;0,43;0,00;0,20;0,26;0,01;;;;;;;;;;;
Ra00128;Rabbit;Meat/poultry;3,27;4,91;1500;2,71;0,18;0,00;0,14;0,24;0,00;;;;;;;;;;;
Ra00258;Radish;Vegetables;0,45;0,11;250;0,25;0,03;0,00;0,14;0,03;0,01;;;;;;;;;;;
Ra00125;Raisins;Fruit/vegetable products;3,58;0,89;250;2,39;0,18;0,41;0,26;0,33;0,01;;;;;;;;;;;
Ra00294;Raspberry;Fruit/vegetable products;1,34;0,17;125;0,81;0,11;0,15;0,06;0,19;0,02;;;;;;;;;;;
Ra00283;Raspberry;Fruits;1,20;0,15;125;0,89;0,08;0,00;0,14;0,07;0,01;;;;;;;;;;;
Ra00126;Raspberry marmalade;Fruit/vegetable products;2,21;0,75;340;1,06;0,06;0,47;0,32;0,30;0,01;;;;;;;;;;;
Ra00448;Red lentils;Fruit/vegetable products;3,08;1,54;500;2,42;0,25;0,00;0,20;0,19;0,01;;;;;;;;;;;
Ra00485;Red onion;Vegetables;0,81;0,81;1000;0,56;0,04;0,00;0,06;0,14;0,01;;;;;;;;;;;
Ra00377;Red Wine;Beverages;1,65;1,24;750;0,66;0,08;0,45;0,41;0,04;0,01;;;;;;;;;;;
Ra00017;Regular Beer;Beverages;0,68;0,22;330;0,19;0,03;0,24;0,17;0,03;0,01;;;;;;;;;;;
Ra00203;Remoulade;Seasonings/preservatives/extracts;1,86;0,70;375;0,54;0,06;0,71;0,42;0,13;0,01;;;;;;;;;;;
Ra00152;Rhubarb;Vegetables;0,38;0,19;500;0,25;0,03;0,00;0,06;0,03;0,01;;;;;;;;;;;
Ra00300;Rice;Cereal/grain/pulse products;5,06;5,06;1000;4,17;0,16;0,16;0,20;0,36;0,01;;;;;;;;;;;
Ra00106;Rice flour;Cereal/grain/pulse products;5,12;2,56;500;4,37;0,17;0,00;0,20;0,38;0,01;;;;;;;;;;;
Ra00133;Rice groats;Cereal/grain/pulse products;5,09;2,55;500;4,37;0,17;-0,03;0,20;0,38;0,01;;;;;;;;;;;
Ra00465;Rice noodles;Prepared/preserved foods;4,93;1,23;250;3,99;0,16;0,18;0,23;0,37;0,01;;;;;;;;;;;
Ra00471;Rice pancakes;Cereal/grain/pulse products;4,50;0,54;120;3,10;0,17;0,29;0,67;0,27;0,01;;;;;;;;;;;
Ra00210;Ricemilk;Milk/eggs/substitute products;1,40;1,40;1000;1,12;0,05;0,03;0,08;0,11;0,01;;;;;;;;;;;
Ra00047;Roastbeef;Meat/poultry;67,91;10,19;150;55,10;14,32;-2,46;0,02;0,93;0,00;;;;;;;;;;;
Ra00539;Rookworst;Meat/poultry;;0,00;250;;;;;;;;;;;;;;;;;
Ra00287;Rose hip;Fruits;0,72;0,22;300;0,41;0,03;0,00;0,14;0,13;0,01;;;;;;;;;;;
Ra00376;Rosé Wine;Beverages;1,65;1,24;750;0,66;0,08;0,45;0,41;0,04;0,01;;;;;;;;;;;
Ra00031;Rye bread;Bread/bakery products;1,02;1,02;1000;0,70;0,06;0,13;0,04;0,07;0,01;;;;;;;;;;;
Ra00102;Rye flour;Cereal/grain/pulse products;1,17;1,17;1000;0,78;0,09;0,03;0,20;0,07;0,01;;;;;;;;;;;
Ra00104;Rye kernels;Cereal/grain/pulse products;1,17;1,17;1000;0,78;0,09;0,03;0,20;0,07;0,01;;;;;;;;;;;
Ra00193;Saithe;Seafood;2,81;1,12;400;0,44;0,15;2,04;0,14;0,03;0,00;;;;;;;;;;;
Ra00196;Saithe (UK);Seafood;2,71;1,08;400;0,44;0,15;1,92;0,14;0,03;0,02;;;;;;;;;;;
Ra00066;Salad dressing;Seasonings/preservatives/extracts;3,43;0,86;250;0,24;-0,11;2,84;0,42;0,03;0,01;;;;;;;;;;;
Ra00189;Salmon;Seafood;2,09;0,84;400;0,44;0,12;1,36;0,14;0,03;0,00;;;;;;;;;;;
Ra00400;Salsa;Fruit/vegetable products;1,42;0,43;300;0,33;0,03;0,25;0,64;0,17;0,01;;;;;;;;;;;
Ra00151;Salt;Seasonings/preservatives/extracts;0,44;0,44;1000;0,00;0,03;0,21;0,20;0,00;0,01;;;;;;;;;;;
Ra00497;Samosa;Prepared/preserved foods;1,28;0,38;300;0,54;0,06;0,34;0,24;0,08;0,02;;;;;;;;;;;
Ra00374;Sauce;Seasonings/preservatives/extracts;2,26;1,13;500;0,91;0,07;0,72;0,42;0,14;0,01;;;;;;;;;;;
Ra00072;Sauce gravad lax;Seasonings/preservatives/extracts;1,86;0,37;200;0,45;0,04;0,60;0,64;0,13;0,00;;;;;;;;;;;
Ra00045;Sausage;Meat/poultry;5,70;2,28;400;4,16;0,18;1,15;0,02;0,17;0,01;;;;;;;;;;;
Ra00064;Sausage;Meat/poultry;49,16;19,66;400;38,94;10,05;-0,54;0,02;0,68;0,01;;;;;;;;;;;
Ra00527;Sausages like chipolatas;Meat/poultry;;0,00;400;;;;;;;;;;;;;;;;;
Ra00515;Seafood paella;Prepared/preserved foods;;0,00;400;;;;;;;;;;;;;;;;;
Ra00510;Serrano dry -cured ham;Meat/poultry;;0,00;100;;;;;;;;;;;;;;;;;
Ra00142;Sesame seeds;Fruit/vegetable products;7,30;0,73;100;5,86;0,75;0,07;0,26;0,35;0,01;;;;;;;;;;;
Ra00185;Sherry;Beverages;2,91;2,18;750;1,05;0,08;1,04;0,37;0,37;0,01;;;;;;;;;;;
Ra00279;Shrimp;Seafood;8,40;2,52;300;3,39;0,66;3,87;0,26;0,23;0,00;;;;;;;;;;;
Ra00077;Skyr;Milk/eggs/substitute products;1,03;0,52;500;1,04;-0,52;0,14;0,26;0,12;0,00;;;;;;;;;;;
Ra00408;Sliced mushrooms;Fruit/vegetable products;0,32;0,08;250;0,09;0,01;0,00;0,14;0,08;0,00;;;;;;;;;;;
Ra00526;Smoked ham;Meat/poultry;;0,00;150;;;;;;;;;;;;;;;;;
Ra00500;Smoothie;Beverages;1,84;0,46;250;0,94;0,06;0,10;0,31;0,42;0,00;;;;;;;;;;;
Ra00512;Sobrasada;Meat/poultry;;0,00;250;;;;;;;;;;;;;;;;;
Ra00399;Soda;Beverages;0,90;0,30;330;0,47;0,03;0,13;0,20;0,07;0,01;;;;;;;;;;;
Ra00183;Soft drink;Beverages;0,59;0,88;1500;0,15;0,02;0,14;0,20;0,07;0,01;;;;;;;;;;;
Ra00219;Soup;Prepared/preserved foods;2,19;2,19;1000;1,18;0,06;0,58;0,22;0,13;0,01;;;;;;;;;;;
Ra00373;Soya sauce;Seasonings/preservatives/extracts;1,88;0,28;150;0,60;0,08;0,27;0,85;0,08;0,01;;;;;;;;;;;
Ra00212;Soymilk;Milk/eggs/substitute products;0,46;0,46;1000;0,18;0,04;0,10;0,08;0,05;0,01;;;;;;;;;;;
Ra00536;Speculaas;Bread/bakery products ;;0,00;250;;;;;;;;;;;;;;;;;
Ra00170;Spinach;Fruit/vegetable products;0,64;0,13;200;0,38;0,04;0,02;0,06;0,12;0,02;;;;;;;;;;;
Ra00161;Spinach;Vegetables;0,48;0,10;200;0,31;0,03;0,00;0,06;0,08;0,01;;;;;;;;;;;
Ra00247;Spring roll;Prepared/preserved foods;3,11;1,25;400;1,46;0,12;0,74;0,64;0,15;0,00;;;;;;;;;;;
Ra00130;Squab (pigeon);Meat/poultry;3,27;1,31;400;2,71;0,18;0,00;0,14;0,24;0,00;;;;;;;;;;;
Ra00003;Squash;Vegetables;0,84;0,67;800;0,48;0,04;0,00;0,06;0,25;0,01;;;;;;;;;;;
Ra00291;Strawberries;Fruit/vegetable products;0,60;0,30;500;0,12;0,02;0,01;0,06;0,35;0,02;;;;;;;;;;;
Ra00282;Strawberry;Fruits;0,65;0,33;500;0,41;0,04;0,00;0,14;0,06;0,01;;;;;;;;;;;
Ra00124;Strawberry jam;Fruit/vegetable products;2,21;0,75;340;1,06;0,06;0,47;0,32;0,30;0,01;;;;;;;;;;;
Ra00019;Strong beer;Beverages;0,68;0,22;330;0,19;0,03;0,24;0,17;0,03;0,01;;;;;;;;;;;
Ra00420;Stuffed fresh pasta;Prepared/preserved foods;1,88;0,75;400;1,16;-0,17;0,55;0,23;0,11;0,00;;;;;;;;;;;
Ra00318;Sugar;Candy/sugar products;2,66;2,66;1000;1,45;0,08;0,47;0,20;0,45;0,01;;;;;;;;;;;
Ra00319;Sugar;Candy/sugar products;2,45;0,00;;1,31;0,07;0,44;0,20;0,42;0,01;;;;;;;;;;;
Ra00179;Sugar pea (Snow pea;Vegetables;1,34;0,27;200;0,92;0,10;0,00;0,14;0,18;0,01;;;;;;;;;;;
Ra00447;Sundried tomatoes;Fruit/vegetable products;2,72;0,76;280;2,04;0,09;0,00;0,26;0,33;0,01;;;;;;;;;;;
Ra00348;Sunflower oil;Oils/fats edible;2,79;2,79;1000;0,00;0,00;1,92;0,56;0,30;0,01;;;;;;;;;;;
Ra00141;Sunflower seeds;Fruit/vegetable products;3,13;0,63;200;2,29;0,29;0,00;0,26;0,29;0,01;;;;;;;;;;;
Ra00385;Sushi;Prepared/preserved foods;2,30;0,57;250;1,06;0,09;0,39;0,64;0,11;0,00;;;;;;;;;;;
Ra00299;Sweetcorn;Fruit/vegetable products;0,69;0,23;340;0,16;0,03;0,14;0,31;0,03;0,01;;;;;;;;;;;
Ra00233;Syrup;Candy/sugar products;1,75;1,32;750;1,09;0,09;0,05;0,42;0,09;0,01;;;;;;;;;;;
Ra00015;T-bone steak;Meat/poultry;120,83;72,50;600;98,28;25,54;-4,81;0,14;1,68;0,00;;;;;;;;;;;
Ra00467;Taco shells;Prepared/preserved foods;2,37;0,36;150;0,96;0,02;1,04;0,26;0,09;0,01;;;;;;;;;;;
Ra00446;Tahin;Seasonings/preservatives/extracts;7,70;2,31;300;5,86;0,76;0,09;0,64;0,35;0,01;;;;;;;;;;;
Ra00336;Tangerine;Fruits;0,65;0,65;1000;0,32;0,03;0,00;0,14;0,16;0,01;;;;;;;;;;;
Ra00058;Tea;Beverages;16,71;1,67;100;10,60;1,65;1,47;1,94;1,05;0,01;;;;;;;;;;;
Ra00323;Toffees;Candy/sugar products;2,92;0,58;200;1,24;-0,16;1,13;0,47;0,23;0,01;;;;;;;;;;;
Ra00353;Tofu;Prepared/preserved foods;2,09;0,84;400;0,71;0,10;0,91;0,26;0,11;0,00;;;;;;;;;;;
Ra00361;Tomato;Fruit/vegetable products;1,06;0,53;500;0,30;0,02;0,20;0,22;0,30;0,01;;;;;;;;;;;
Ra00002;Tomato;Vegetables;0,48;0,24;500;0,21;0,01;0,00;0,14;0,11;0,01;;;;;;;;;;;
Ra00005;Tomato;Vegetables;2,72;1,36;500;2,04;0,09;0,00;0,26;0,33;0,01;;;;;;;;;;;
Ra00369;Tomato ketchup;Seasonings/preservatives/extracts;2,12;1,06;500;0,96;0,07;0,59;0,42;0,08;0,01;;;;;;;;;;;
Ra00368;Tomato paste;Fruit/vegetable products;2,67;0,19;70;1,00;0,06;0,51;0,78;0,31;0,01;;;;;;;;;;;
Ra00356;Tomatojuice;Beverages;1,06;1,06;1000;0,30;0,02;0,20;0,22;0,30;0,01;;;;;;;;;;;
Ra00401;Tortilla bread;Bread/bakery products;1,16;0,35;300;0,87;0,06;0,11;0,04;0,07;0,01;;;;;;;;;;;
Ra00415;Tortilla chips;Prepared/preserved foods;2,43;0,49;200;1,03;-0,01;1,05;0,26;0,09;0,01;;;;;;;;;;;
Ra00505;Tortilla de patatas;Prepared/preserved foods;;0,00;600;;;;;;;;;;;;;;;;;
Ra00115;Trout;Seafood;1,33;0,53;400;0,62;0,20;0,35;0,14;0,03;0,00;;;;;;;;;;;
Ra00094;Tuna;Seafood;4,48;2,15;480;0,33;0,17;2,77;1,17;0,03;0,01;;;;;;;;;;;
Ra00098;Tuna;Seafood;4,03;1,93;480;0,00;0,17;2,65;1,17;0,02;0,01;;;;;;;;;;;
Ra00197;Tuna;Seafood;3,10;1,49;480;0,44;0,17;2,32;0,14;0,03;0,00;;;;;;;;;;;
Ra00389;Tuna salad;Seasonings/preservatives/extracts;2,06;0,41;200;0,14;0,08;1,48;0,24;0,12;0,00;;;;;;;;;;;
Ra00338;Turkey;Meat/poultry;4,35;2,17;500;3,65;0,25;0,11;0,02;0,31;0,00;;;;;;;;;;;
Ra00509;Turron;Prepared/preserved foods;;0,00;200;;;;;;;;;;;;;;;;;
Ra00246;Turtle;Meat/poultry;26,36;13,18;500;20,74;5,36;-0,75;0,63;0,38;0,01;;;;;;;;;;;
Ra00346;Veal;Meat/poultry;74,84;37,42;500;60,82;15,81;-2,97;0,14;1,05;0,00;;;;;;;;;;;
Ra00230;Veal and pork;Meat/poultry;22,04;11,02;500;18,07;4,35;-0,88;0,14;0,35;0,00;;;;;;;;;;;
Ra00478;Vegan bacon;Prepared/preserved foods;0,35;0,05;150;0,06;0,03;0,08;0,14;0,03;0,00;;;;;;;;;;;
Ra00455;Vegan balls;Prepared/preserved foods;0,66;0,20;300;0,05;0,04;0,22;0,26;0,07;0,02;;;;;;;;;;;
Ra00450;Vegan bean paste;Fruit/vegetable products;2,14;0,43;200;1,12;0,12;0,06;0,64;0,20;0,01;;;;;;;;;;;
Ra00476;Vegan block;Milk/eggs/substitute products;2,60;0,52;200;0,00;-0,02;2,30;0,24;0,08;0,00;;;;;;;;;;;
Ra00457;Vegan burgers;Prepared/preserved foods;0,69;0,14;200;0,08;0,04;0,21;0,26;0,07;0,02;;;;;;;;;;;
Ra00496;Vegan cheese;Milk/eggs/substitute products;1,00;0,20;200;0,23;0,14;0,23;0,35;0,04;0,01;;;;;;;;;;;
Ra00464;Vegan chorizo;Prepared/preserved foods;1,68;0,34;200;0,07;0,11;0,77;0,64;0,06;0,02;;;;;;;;;;;
Ra00475;Vegan cold cuts;Fruit/vegetable products;2,67;0,27;100;1,67;0,10;0,51;0,02;0,36;0,00;;;;;;;;;;;
Ra00479;Vegan fillet pieces;Prepared/preserved foods;1,78;0,53;300;0,01;0,11;0,95;0,64;0,05;0,02;;;;;;;;;;;
Ra00472;Vegan ice cream;Prepared/preserved foods;2,31;2,08;900;1,22;0,21;0,20;0,51;0,14;0,02;;;;;;;;;;;
Ra00473;Vegan mayo;Seasonings/preservatives/extracts;2,67;0,80;300;0,17;0,01;1,55;0,64;0,29;0,01;;;;;;;;;;;
Ra00458;Vegan minced;Prepared/preserved foods;0,88;0,26;300;0,39;0,09;0,15;0,14;0,12;0,00;;;;;;;;;;;
Ra00460;Vegan nuggets;Prepared/preserved foods;1,95;1,46;750;0,25;0,09;0,87;0,64;0,07;0,02;;;;;;;;;;;
Ra00461;Vegan pulled beans;Prepared/preserved foods;1,89;0,76;400;0,01;0,12;1,07;0,64;0,03;0,02;;;;;;;;;;;
Ra00459;Vegan sausages;Prepared/preserved foods;1,43;0,36;250;0,08;0,04;0,95;0,26;0,08;0,02;;;;;;;;;;;
Ra00456;Vegan schnitzels;Prepared/preserved foods;1,87;0,56;300;0,46;0,07;0,94;0,26;0,12;0,02;;;;;;;;;;;
Ra00430;Vegetable steaks;Fruit/vegetable products;1,52;0,30;200;0,74;0,10;0,27;0,24;0,14;0,02;;;;;;;;;;;
Ra00150;Vinegar;Seasonings/preservatives/extracts;1,58;0,79;500;0,66;0,07;0,40;0,41;0,03;0,01;;;;;;;;;;;
Ra00307;Vodka;Beverages;3,57;2,50;700;2,95;0,09;-0,11;0,37;0,27;0,01;;;;;;;;;;;
Ra00534;Volkoren bread;Bread/bakery products ;;0,00;800;;;;;;;;;;;;;;;;;
Ra00025;Wafer sticks;Bread/bakery products;2,74;0,55;200;2,03;-0,08;0,24;0,22;0,32;0,01;;;;;;;;;;;
Ra00143;Walnuts;Fruit/vegetable products;5,69;1,14;200;4,71;0,41;0,00;0,26;0,31;0,01;;;;;;;;;;;
Ra00068;Water;Beverages;0,00;0,00;1000;0,00;0,00;0,00;0,00;0,00;0,00;;;;;;;;;;;
Ra00182;Water;Beverages;0,19;0,28;1500;0,00;0,01;0,02;0,13;0,02;0,01;;;;;;;;;;;
Ra00329;Watermelon;Fruits;0,40;1,20;3000;0,22;0,01;0,00;0,00;0,16;0,01;;;;;;;;;;;
Ra00103;Wheat;Cereal/grain/pulse products;1,24;1,24;1000;0,86;0,07;0,03;0,20;0,07;0,01;;;;;;;;;;;
Ra00028;Wheat bread;Bread/bakery products;1,16;0,81;700;0,87;0,06;0,11;0,04;0,07;0,01;;;;;;;;;;;
Ra00525;White ham;Meat/poultry;;0,00;150;;;;;;;;;;;;;;;;;
Ra00375;White, Wine;Beverages;1,65;1,24;750;0,66;0,08;0,45;0,41;0,04;0,01;;;;;;;;;;;
Ra00116;Whitefish;Seafood;7,14;2,86;400;4,07;0,61;2,26;0,14;0,06;0,00;;;;;;;;;;;
Ra00379;Yeast;Bread/bakery products;1,18;0,06;50;0,00;0,04;0,92;0,20;0,02;0,00;;;;;;;;;;;
Ra00075;Yogurt plain;Milk/eggs/substitute products;0,73;0,73;1000;0,47;-0,24;0,17;0,26;0,07;0,00;;;;;;;;;;;
;;;;;;;;;;;;;;;;;;;;;;